{"type":"Topology","objects":{"testgeo":{"type":"Polygon","arcs":[[-1]]}},"arcs":[[[182,7849],[606,-2070],[485,-2476],[848,-1127],[-2121,-2176],[9999,927],[-939,2578],[-515,3400],[484,1829],[-909,1265],[-4817,-703],[-3121,-1447]]],"transform":{"scale":[0.00002266156785678558,0.00002700208550855111],"translate":[-122.550086975,37.5707052423]}}